pasta,rotulo,operador,chi,xi,tau,beta,fat_R_B,N,p,q,theta,sigma_nominal,estado,passo_falha,passos,sigma_pop_med,int_grad_med,K_med,residuo_med,umax_med,un_max_med,ut_max_med,umax/sigma_nominal,d0_ini,d0_fim,neg_total_max,neg_cor_max,min_f,MLUPS
chi=-0.15,chi=-0.15,P3,-0.15,1.569988,1.0,0.8,0.225,200.0,2.0,1.0,26.56505118,0.1,estavel,-1.0,20000.0,0.09999961221,2.000001921,1.29370904,0.06976166442,0.0003525148178,0.0001166377725,0.0003472764826,0.003525148178,-2.579818848e-16,2.408228498e-11,0.0,0.0,0.02296500324,1.107450623
chi=-0.25,chi=-0.25,P3,-0.25,1.569988,1.0,0.8,0.225,200.0,2.0,1.0,26.56505118,0.1,estavel,-1.0,20000.0,0.09999976465,2.000001918,1.293723214,0.07001476744,0.0001969229782,0.000106153205,0.0001954466479,0.001969229782,-2.035394477e-16,9.878684629e-12,0.0,0.0,0.02281810499,1.173858806
chi=-0.3,chi=-0.3,P3,-0.3,1.569988,1.0,0.8,0.225,200.0,2.0,1.0,26.56505118,0.1,estavel,-1.0,20000.0,0.099999805,2.000001916,1.29373056,0.07014648894,0.0001302786896,0.0001007089667,0.0001298200505,0.001302786896,-9.519095225e-17,5.614904743e-11,0.0,0.0,0.02274167819,1.139237632
chi=-0.35,chi=-0.35,P3,-0.35,1.569988,1.0,0.8,0.225,200.0,2.0,1.0,26.56505118,0.1,estavel,-1.0,20000.0,0.09999981871,2.000001914,1.293738086,0.07028184731,0.0001161753247,9.512309192e-05,7.448344187e-05,0.001161753247,-9.760465636e-17,-4.126908687e-11,0.0,0.0,0.02266315751,1.211364287
chi=-0.4,chi=-0.4,P3,-0.4,1.569988,1.0,0.8,0.225,200.0,2.0,1.0,26.56505118,0.1,estavel,-1.0,20000.0,0.09999980349,2.000001912,1.293745799,0.07042099519,0.0001718192648,8.938998538e-05,0.0001467354432,0.001718192648,-9.84092244e-17,5.814918016e-12,0.0,0.0,0.0225824557,1.188864498
chi=-0.45,chi=-0.45,P3,-0.45,1.569988,1.0,0.8,0.225,200.0,2.0,1.0,26.56505118,0.1,estavel,-1.0,20000.0,0.09999975687,2.00000191,1.293753707,0.07056409385,0.0002437388692,8.350375323e-05,0.0002289885577,0.002437388692,1.72998393e-16,5.748874482e-11,0.0,0.0,0.02249948059,1.196046933
chi=-0.55,chi=-0.55,P3,-0.55,1.569988,1.0,0.8,0.225,200.0,2.0,1.0,26.56505118,0.1,estavel,-1.0,20000.0,0.0999995585,2.000001907,1.293770135,0.07086283576,0.0004243515104,7.124672236e-05,0.0004195765935,0.004243515104,9.268797722e-18,7.940434519e-12,0.0,0.0,0.02232631516,1.031425254
chi=-0.7,chi=-0.7,P3,-0.7,1.569988,1.0,0.8,0.225,200.0,2.0,1.0,26.56505118,0.1,estavel,-1.0,20000.0,0.0999989504,2.000001901,1.29379643,0.0713451831,0.0007423123383,5.154585488e-05,0.0007409256386,0.007423123383,-1.000183605e-16,1.276861929e-11,0.0,0.0,0.02204688913,1.114447
chi=-1,chi=-1,P3,-1.0,1.569988,1.0,0.8,0.225,200.0,2.0,1.0,26.56505118,0.1,estavel,-1.0,20000.0,0.099996204,2.000001887,1.293855907,0.07245590503,0.001478904534,6.594678072e-06,0.001478899692,0.01478904534,-1.496333893e-16,-2.583763513e-12,0.0,0.0,0.02140420925,1.132832415
chi=-1.3,chi=-1.3,P3,-1.3,1.569988,1.0,0.8,0.225,200.0,2.0,1.0,26.56505118,0.1,estavel,-1.0,20000.0,0.09999030154,2.000001871,1.293926711,0.07381590036,0.002379195273,4.766979241e-05,0.00237873533,0.02379195273,1.746075291e-16,8.832874311e-12,0.0,0.0,0.02061871162,1.13764069
chi=-2,chi=-2,P3,-2.0,1.569988,1.0,0.8,0.225,200.0,2.0,1.0,26.56505118,0.1,estavel,-1.0,20000.0,0.09994770655,2.000001823,1.294158229,0.07859583775,0.005514231597,0.0002318892965,0.005509775395,0.05514231597,-9.867741374e-17,-2.57481968e-12,0.0,0.0,0.01786946992,1.264978729
chi=0,chi=0,P3,0.0,1.569988,1.0,0.8,0.225,200.0,2.0,1.0,26.56505118,0.1,estavel,-1.0,20000.0,0.09999923111,2.000001926,1.293688984,0.06940590836,0.0005737738418,0.0001314270382,0.0005696674549,0.005737738418,2.802741311e-16,1.335780513e-10,0.0,0.0,0.02317157892,1.093182756
chi=0.5,chi=0.5,P3,0.5,1.569988,1.0,0.8,0.225,200.0,2.0,1.0,26.56505118,0.1,estavel,-1.0,20000.0,0.09999707254,2.00000194,1.293630991,0.06839244973,0.001244657955,0.0001738966333,0.001234709401,0.01244657955,-3.116197539e-16,-9.471909731e-12,0.0,0.0,0.02376070214,1.627519974
chi=1,chi=1,P3,1.0,1.569988,1.0,0.8,0.225,200.0,2.0,1.0,26.56505118,0.1,estavel,-1.0,20000.0,0.09999420119,2.000001951,1.293583746,0.06758288001,0.00178987898,0.0002081869514,0.001779979548,0.0178987898,-4.048032582e-17,-3.399924863e-11,0.0,0.0,0.02423200072,1.690302071
chi=2,chi=2,P3,2.0,1.569988,1.0,0.8,0.225,200.0,2.0,1.0,26.56505118,0.1,estavel,-1.0,20000.0,0.0999879823,2.00000197,1.293511459,0.06637056499,0.002610044489,0.00026015264,0.002599483302,0.02610044489,2.282453981e-16,-6.074022506e-11,0.0,0.0,0.02493894859,1.769992653
