operator,v0,umax_relative_to_mean_over_sigma_measured,net_force_x_per_step,min_total_population,negative_color_populations
P1,0.05,0.05839968945048302,-1.2271365561341998e-15,0.020805863479978953,0.0
P1,0.1,0.09034933722075066,-4.727502275909551e-16,0.017313041594778908,1732.0
P1,0.15,0.12393157510677556,8.729924585285886e-17,0.014267672510865581,110009.0
P1,0.2,0.15829696705844074,3.5880464515607335e-16,0.01166990798993477,136071.0
P1,0.25,0.19389716137884389,5.529424228334135e-17,0.009519735984149343,140456.0
P3 chi=-0.4,0.05,0.004452852590825921,-3.828768064401241e-16,0.017958692306942782,0.0
P3 chi=-0.4,0.1,0.007258736964665841,1.0912123764529038e-16,0.014417025640276108,1770.0
P3 chi=-0.4,0.15,0.010101015783900097,2.399443512738512e-16,0.01129202564027613,115472.0
P3 chi=-0.4,0.2,0.012981180235858624,-9.177941029021245e-17,0.008583692306942793,140139.0
P3 chi=-0.4,0.25,0.015852236135482603,2.565237699759745e-16,0.006292025640276124,144183.0
P3 chi=0.5,0.05,0.017455199860665176,-1.639605742457307e-16,0.019130842734443113,0.0
P3 chi=0.5,0.1,0.019641227107081875,1.566610531242912e-18,0.01558917606777644,1758.0
P3 chi=0.5,0.15,0.022058701935322552,2.2160691657795137e-16,0.012464176067776462,114695.0
P3 chi=0.5,0.2,0.024704197462797096,-9.195621556241692e-18,0.009755842734443123,139966.0
P3 chi=0.5,0.25,0.02754284465654867,-2.618989795134413e-16,0.007464176067776455,144105.0
P3 chi=2,0.05,0.034115888550809444,-6.265186847974808e-16,0.020302993161943443,0.0
P3 chi=2,0.1,0.036326667607934675,-6.803551356239383e-16,0.01676132649527677,1764.0
P3 chi=2,0.15,0.03875546761963072,1.591548407274415e-16,0.013636326495276792,113821.0
P3 chi=2,0.2,0.0413999321638427,1.927295452740283e-16,0.010927993161943454,139615.0
P3 chi=2,0.25,0.044286906673524695,6.567460068844182e-16,0.008636326495276786,143869.0
F1,0.05,0.00017867667622226187,-5.0393480289360844e-05,0.023607131564508107,0.0
F1,0.1,0.0002917787598561077,-0.00010487957139144341,0.02009438968923491,1812.0
F1,0.15,0.0007698721767316647,-0.00024044155495796636,0.01699708866999736,116322.0
F1,0.2,0.018449658892805924,-0.005702055765968556,0.014345623662540016,139605.0
F1,0.25,0.04222820278341525,-0.01294157620119953,0.012059281930680477,143792.0
F2,0.05,0.00011273012732976983,-7.994938151332359e-16,0.023606884251990184,0.0
F2,0.1,0.00016288993221573082,-3.841043199692734e-16,0.020093827413041603,1812.0
F2,0.15,0.00035643847472303263,-2.5307646430471826e-17,0.016995530500332562,116528.0
F2,0.2,0.0008163233955749701,-1.3563572483294717e-16,0.014312490659517898,140319.0
F2,0.25,0.002395638732018136,4.508281429012232e-16,0.012045265897018266,144489.0
F3,0.05,0.027446413348176078,-0.008226964970893855,0.02342440695743375,0.0
F3,0.1,0.054835671078560536,-0.016441744750120266,0.019938070259334188,1808.0
F3,0.15,0.08212261061787827,-0.024634396524104377,0.016867828383989772,89619.0
F3,0.2,0.10926911610171314,-0.03279722136038008,0.014212358518725448,137442.0
F3,0.25,0.13625353427281825,-0.040929116117198454,0.011960422516539653,142772.0
