pasta,rotulo,operador,chi,xi,tau,beta,fat_R_B,v0,nx,R_ini,sigma_nominal,estado,passo_falha,passos,sigma_med,umax_med,urms_med,umax_sigma,Ca_s,a4_med,a8_med,K_med,neg_total_max,neg_cor_max,min_f,MLUPS,umax_rel_media,soma_Fx_med,tendencia,sigma_meiafinal,R_meiafinal
tau=0.6/chi=-0.15,tau=0.6,P3,-0.15,1.569988,0.6,0.8,0.375,0.0,100.0,25.0,0.1,estavel,-1.0,38000.0,0.1007879499,0.001742553574,0.0002691164671,0.01728930467,0.0005763101557,5.64375904e-05,0.0001005355563,1.295660999,0.0,0.0,0.01864413808,1.13350709,nan,nan,-0.001638268465956605,0.10078794993923076,24.92927357076923
tau=0.6/chi=-0.25,tau=0.6,P3,-0.25,1.569988,0.6,0.8,0.375,0.0,100.0,25.0,0.1,estavel,-1.0,38000.0,0.1007891833,0.001289707374,0.0002091674402,0.01279608915,0.0004265363049,3.576225895e-05,0.0001003314095,1.295737102,0.0,0.0,0.01840057436,1.044317678,nan,nan,-0.003017536239248386,0.10078918327948717,24.929270563846153
tau=0.6/chi=-0.3,tau=0.6,P3,-0.3,1.569988,0.6,0.8,0.375,0.0,100.0,25.0,0.1,estavel,-1.0,38000.0,0.1007896647,0.001060162935,0.0001800957301,0.01051856794,0.0003506189313,2.501018849e-05,0.0001002563689,1.295784871,0.0,0.0,0.01827385539,1.140435289,nan,nan,-0.004376416378554793,0.10078966466564102,24.929269174102565
tau=0.6/chi=-0.35,tau=0.6,P3,-0.35,1.569988,0.6,0.8,0.375,0.0,100.0,25.0,0.1,estavel,-1.0,38000.0,0.1007900413,0.0008920692327,0.0001528811572,0.008850767606,0.0002950255869,1.433707757e-05,0.0001002015192,1.295828938,0.0,0.0,0.01814366468,1.030311396,nan,nan,-0.004626124014652344,0.10079004132487179,24.92926786974359
tau=0.6/chi=-0.4,tau=0.6,P3,-0.4,1.569988,0.6,0.8,0.375,0.0,100.0,25.0,0.1,estavel,-1.0,38000.0,0.1007903088,0.0007916518938,0.0001295006553,0.00785444457,0.000261814819,6.499412525e-06,0.0001001686606,1.295873424,0.0,0.0,0.01800985755,1.031366552,nan,nan,-0.006037262188506309,0.10079030882794872,24.92926665974359
tau=0.6/chi=-0.45,tau=0.6,P3,-0.45,1.569988,0.6,0.8,0.375,0.0,100.0,25.0,0.1,estavel,-1.0,38000.0,0.1007904549,0.0006905063043,0.0001134289206,0.00685090969,0.0002283636563,1.063799846e-05,0.000100159747,1.295919933,0.0,0.0,0.01787228121,1.131409469,nan,nan,-0.008085492283644857,0.10079045491487179,24.929265554615387
tau=0.6/chi=-0.55,tau=0.6,P3,-0.55,1.569988,0.6,0.8,0.375,0.0,100.0,25.0,0.1,estavel,-1.0,38000.0,0.10079034,0.0006276122126,0.0001195034123,0.00622690838,0.0002075636127,3.336866449e-05,0.0001002224275,1.296010949,0.0,0.0,0.01758516536,1.06188526,nan,nan,-0.008620956204550945,0.10079033996435897,24.92926370025641
tau=0.6/chi=-0.7,tau=0.6,P3,-0.7,1.569988,0.6,0.8,0.375,0.0,100.0,25.0,0.1,estavel,-1.0,38000.0,0.1007889559,0.001199399517,0.0002087022369,0.01190010857,0.0003966702856,7.258797281e-05,0.0001005554561,1.296171146,0.0,0.0,0.0171218648,1.122226566,nan,nan,-0.0023297994462552207,0.10078895587358974,24.929261996923078
tau=0.6/chi=-1,tau=0.6,P3,-1.0,1.569988,0.6,0.8,0.375,0.0,100.0,25.0,0.1,estavel,-1.0,38000.0,0.1007801777,0.00320501688,0.0004863140361,0.03180205623,0.001060068541,0.0001626273397,0.0001024067874,1.296528172,0.0,0.0,0.0160562735,1.090339483,nan,nan,-0.00022234052568648188,0.10078017774410257,24.92926411076923
tau=0.6/chi=-1.3,tau=0.6,P3,-1.3,1.569988,0.6,0.8,0.375,0.0,100.0,25.0,0.1,estavel,-1.0,38000.0,0.1007588918,0.005688734724,0.0008431427511,0.0564588854,0.001881962847,0.0002723621548,0.0001067088436,1.296958965,0.0,0.0,0.01475388414,0.9650516586,nan,nan,-2.4318833773517845e-05,0.10075889178076923,24.92927806102564
tau=0.6/chi=-2,tau=0.6,P3,-2.0,1.569988,0.6,0.8,0.375,0.0,100.0,25.0,0.1,estavel,-1.0,38000.0,0.1005951485,0.01430395751,0.002106222627,0.1421933137,0.004739777123,0.0006538700777,0.000138549673,1.298488174,0.0,0.0,0.01019552137,1.059224081,nan,nan,2.6742655759193212e-05,0.1005951485125641,24.929423005641027
tau=0.6/chi=0,tau=0.6,P3,0.0,1.569988,0.6,0.8,0.375,0.0,100.0,25.0,0.1,estavel,-1.0,38000.0,0.1007855251,0.002396065152,0.000357999246,0.02377390155,0.0007924633851,8.553229901e-05,0.000100955705,1.295540421,0.0,0.0,0.01898664957,1.0571277,nan,nan,-0.0009213997669860197,0.10078552509974359,24.929278542820512
tau=0.6/chi=0.5,tau=0.6,P3,0.5,1.569988,0.6,0.8,0.375,0.0,100.0,25.0,0.1,estavel,-1.0,38000.0,0.1007741857,0.004259060539,0.0006213361094,0.04226340813,0.001408780271,0.000168634234,0.0001030027224,1.295217599,0.0,0.0,0.01996344159,1.040365789,nan,nan,-0.0003386230163088255,0.10077418569128205,24.929297486153846
tau=0.6/chi=1,tau=0.6,P3,1.0,1.569988,0.6,0.8,0.375,0.0,100.0,25.0,0.1,estavel,-1.0,38000.0,0.1007604151,0.005747221138,0.0008352198501,0.05703848213,0.001901282738,0.0002352522484,0.0001055347093,1.29495486,0.0,0.0,0.02074487521,1.075480782,nan,nan,-0.00020498684891712138,0.10076041513205129,24.929317701538462
tau=0.6/chi=2,tau=0.6,P3,2.0,1.569988,0.6,0.8,0.375,0.0,100.0,25.0,0.1,estavel,-1.0,38000.0,0.1007319892,0.00797368652,0.00115733907,0.07915744131,0.002638581377,0.0003354084654,0.0001107898794,1.294560187,0.0,0.0,0.02191702564,1.00095584,nan,nan,-0.00011971577697578173,0.10073198917051282,24.92935639871795
tau=1/chi=-0.15,tau=1,P3,-0.15,1.569988,1.0,0.8,0.225,0.0,100.0,25.0,0.1,estavel,-1.0,30000.0,0.1005633182,0.0004628604238,8.578988013e-05,0.004602676524,0.000767112754,0.0002256135449,9.868971175e-05,1.296135211,0.0,0.0,0.02229759396,1.05997688,nan,nan,1.8185060202124959e-06,0.10056331818064516,24.929680763225807
tau=1/chi=-0.25,tau=1,P3,-0.25,1.569988,1.0,0.8,0.225,0.0,100.0,25.0,0.1,estavel,-1.0,30000.0,0.1005633473,0.0003010736752,6.101602899e-05,0.00299387086,0.0004989784767,0.0001910372949,9.876951668e-05,1.296158356,0.0,0.0,0.02215145573,1.040956672,nan,nan,2.681348585165111e-06,0.10056334734193548,24.92968392580645
tau=1/chi=-0.3,tau=1,P3,-0.3,1.569988,1.0,0.8,0.225,0.0,100.0,25.0,0.1,estavel,-1.0,30000.0,0.1005633288,0.0002365158665,5.067503494e-05,0.002351909681,0.0003919849468,0.0001730535476,9.881038399e-05,1.296167046,0.0,0.0,0.02207542435,1.090337154,nan,nan,2.1274446797558966e-06,0.1005633288032258,24.929685606129034
tau=1/chi=-0.35,tau=1,P3,-0.35,1.569988,1.0,0.8,0.225,0.0,100.0,25.0,0.1,estavel,-1.0,30000.0,0.1005632857,0.000191538689,4.366477246e-05,0.001904658223,0.0003174430371,0.0001545808207,9.885191028e-05,1.296175867,0.0,0.0,0.02199730992,1.098306535,nan,nan,1.1751400814663526e-06,0.10056328568064515,24.929687357419354
tau=1/chi=-0.4,tau=1,P3,-0.4,1.569988,1.0,0.8,0.225,0.0,100.0,25.0,0.1,estavel,-1.0,30000.0,0.100563216,0.0002342844206,4.220791128e-05,0.002329722835,0.0003882871392,0.0001355988851,9.889410737e-05,1.296185298,0.0,0.0,0.02191702564,1.254029841,nan,nan,2.989561884936265e-06,0.1005632159516129,24.929689184516132
tau=1/chi=-0.45,tau=1,P3,-0.45,1.569988,1.0,0.8,0.225,0.0,100.0,25.0,0.1,estavel,-1.0,30000.0,0.1005631174,0.0003286230532,4.731687002e-05,0.003267828819,0.0005446381366,0.0001160863796,9.89369871e-05,1.296193906,0.0,0.0,0.02183447984,1.053426505,nan,nan,5.857679983289898e-07,0.10056311740967741,24.929691088709678
tau=1/chi=-0.55,tau=1,P3,-0.55,1.569988,1.0,0.8,0.225,0.0,100.0,25.0,0.1,estavel,-1.0,30000.0,0.1005628241,0.0005402359455,7.145934081e-05,0.005372123847,0.0008953539746,7.537806481e-05,9.902484143e-05,1.296205848,0.0,0.0,0.02166221033,1.331486927,nan,nan,-1.53501290456326e-07,0.1005628241032258,24.929695153870966
tau=1/chi=-0.7,tau=1,P3,-0.7,1.569988,1.0,0.8,0.225,0.0,100.0,25.0,0.1,estavel,-1.0,30000.0,0.1005621012,0.0008972217687,0.0001232249144,0.008922066642,0.001487011107,9.727683255e-06,9.91620331e-05,1.296241822,0.0,0.0,0.02138422999,1.012876463,nan,nan,-5.672210279250578e-08,0.1005621012,24.929701966129034
tau=1/chi=-1,tau=1,P3,-1.0,1.569988,1.0,0.8,0.225,0.0,100.0,25.0,0.1,estavel,-1.0,30000.0,0.1005592697,0.001810677978,0.0002527258029,0.01800607725,0.003001012875,0.0001410925645,9.945695171e-05,1.296289257,0.0,0.0,0.02074487521,1.113709703,nan,nan,-8.015838226516081e-08,0.10055926971935485,24.929718831612906
tau=1/chi=-1.3,tau=1,P3,-1.3,1.569988,1.0,0.8,0.225,0.0,100.0,25.0,0.1,estavel,-1.0,30000.0,0.1005536026,0.002926552666,0.0004141925054,0.02910440393,0.004850733988,0.0003251035619,9.978072335e-05,1.296367393,0.0,0.0,0.01996344159,1.042293639,nan,nan,-5.3850439774016934e-08,0.10055360258387097,24.929741691612904
tau=1/chi=-2,tau=1,P3,-2.0,1.569988,1.0,0.8,0.225,0.0,100.0,25.0,0.1,estavel,-1.0,30000.0,0.1005147671,0.006813874002,0.0009816517938,0.0677897805,0.01129829675,0.0009664852996,0.0001006444957,1.296511111,0.0,0.0,0.01722842393,1.087831428,nan,nan,-1.347646327864993e-08,0.10051476714193548,24.929841035806454
tau=1/chi=0,tau=1,P3,0.0,1.569988,1.0,0.8,0.225,0.0,100.0,25.0,0.1,estavel,-1.0,30000.0,0.1005631323,0.0007277526224,0.0001250197364,0.007236773617,0.001206128936,0.0002742589752,9.857465318e-05,1.296116823,0.0,0.0,0.02250310085,0.9835271577,nan,nan,1.0258370866100819e-06,0.10056313225483872,24.929676461612903
tau=1/chi=0.5,tau=1,P3,0.5,1.569988,1.0,0.8,0.225,0.0,100.0,25.0,0.1,estavel,-1.0,30000.0,0.1005616729,0.001559208178,0.0002439210394,0.01550499443,0.002584165739,0.0004131353029,9.822776896e-05,1.296042695,0.0,0.0,0.02308917607,1.282363706,nan,nan,3.2844587560809657e-07,0.10056167289354838,24.929665143225808
tau=1/chi=1,tau=1,P3,1.0,1.569988,1.0,0.8,0.225,0.0,100.0,25.0,0.1,estavel,-1.0,30000.0,0.100559513,0.00223438183,0.0003409566267,0.02221949732,0.003703249554,0.0005243954673,9.792944459e-05,1.295979396,0.0,0.0,0.02355803624,1.079489514,nan,nan,2.2086075213145762e-07,0.10055951298709678,24.929657103225807
tau=1/chi=2,tau=1,P3,2.0,1.569988,1.0,0.8,0.225,0.0,100.0,25.0,0.1,estavel,-1.0,30000.0,0.1005546141,0.003249457246,0.0004874068367,0.03231534699,0.005385891165,0.0006915570578,9.744532426e-05,1.295869723,0.0,0.0,0.0242613265,1.038223158,nan,nan,1.534102507250168e-07,0.10055461406774194,24.929646740322582
